name,email,domain,wave
ООО «Остермед»,info@ostermed.ru,medtrade.ru,wave9
EuroType,sale@eurotype.biz,medtrade.ru,wave9
Компания РИМЕД,info@rimed.ru,medtrade.ru,wave9
САТСО,info@satso.ru,medtrade.ru,wave9
САТСО,zakaz@satso.ru,medzakaz.ru,wave9
АЛС МЕДИКА / Apexmed,apexmed@als-med.ru,medtrade.ru,wave9
ООО «МЕДИКОМ»,info@medikom.ru,medtrade.ru,wave9
ООО «Актимед плюс»,zakaz@aktimed.ru,medzakaz.ru,wave9
ПТФ «Корпус»,620001@ptf-korpus.ru,medtrade.ru,wave9
ООО «МЕДИ СТАР»,info@medi-star.ru,medtrade.ru,wave9
ООО «Медиана» / Breman,medi@breman.ru,medtrade.ru,wave9
АСК Медикал групп,info@askmg.ru,medtrade.ru,wave9
ГК «ЛОГОС»,info@spblogos.ru,medtrade.ru,wave9
ООО «СИМПЛАНТ» / ГК Сфера,simplant.info@s-implant.com,medtrade.ru,wave9
Дина Интернешнл,info@dinaint.com,medtrade.ru,wave9
МЕДИМП,info@medimp.ru,medtrade.ru,wave9
АС-Медикал,info@as-medical.ru,medtrade.ru,wave9
АС-Медикал,as-medical@mail.ru,medtrade.ru,wave9
Treaton / Тритон,mail@treaton.ru,medtrade.ru,wave9
Treaton / Тритон,purchase@treaton.ru,medtender.ru,wave9
ООО «Альфамедэкс»,info@alfamedex.ru,medtrade.ru,wave9
Компания «СаФайр»,hotbox@safire-med.ru,medtrade.ru,wave9
Компания «Евротех»,info@eurotech.ru,medtrade.ru,wave9
IPS-Россия,info@ips-med.ru,medtrade.ru,wave9
IPS-Россия,mri@ips-med.ru,medtrade.ru,wave9
