name,email,domain,wave
ООО «Медпартнёр»,info@mstula.ru,medtrade.ru,wave8
ООО «Промед-09»,promed-09@yandex.ru,medtrade.ru,wave8
ИП Володиков Т. Л.,tvolodikov@yandex.ru,medtrade.ru,wave8
ООО «М-Индустрия»,edemskaya_e@mail.ru,medtrade.ru,wave8
ТОО «КРЕЙТ Электрон Сервис»,kratees@gmail.com,medtrade.ru,wave8
ТОО «Элан-West»,elanwest@mail.ru,medtrade.ru,wave8
ТОО «Элан-West»,kredo2@mail.ru,medtrade.ru,wave8
Русская Медицинская Компания,sales@rusmedcompany.ru,medtrade.ru,wave8
АЗБУКАМЕД,azbukamed@mail.ru,medtrade.ru,wave8
ООО НВП «Орбита» / ORMED,ormed@ormed.ru,medtrade.ru,wave8
ООО «Скандимед»,info@scandimed.ru,medtrade.ru,wave8
ООО «Скандимед»,client@scandimed.ru,medtrade.ru,wave8
ООО «Медикал-Сервис» / Medical112,sales@medical112.ru,medtrade.ru,wave8
ООО «Биокард»,info@biocardnsk.ru,medtrade.ru,wave8
ООО «Биокард»,biocardnsk@mail.ru,medtrade.ru,wave8
ООО «Видванс»,info@vidvans.ru,medtrade.ru,wave8
ООО фирма «РИК» / LaserMed,info@lasermed.ru,medtrade.ru,wave8
ООО «ЛэндМед»,info@land-med.ru,medtrade.ru,wave8
MTG Group,info@medtradegroup.ru,medtrade.ru,wave8
